Status	Username	Site	Info	RequestIP
true	fs0c131y	Telegram		82.228.195.193
true	fs0c131y	Imgur		82.228.195.193
true	fs0c131y	Keybase		82.228.195.193
true	fs0c131y	Pastebin		82.228.195.193
true	fs0c131y	TradingView		82.228.195.193
true	fs0c131y	HackerOne		82.228.195.193
true	fs0c131y	GitLab		82.228.195.193
true	fs0c131y	HackerNews		82.228.195.193
true	fs0c131y	TikTok		82.228.195.193
true	fs0c131y	Dribbble		82.228.195.193
true	fs0c131y	Steam		82.228.195.193
true	fs0c131y	Duolingo		82.228.195.193
true	fs0c131y	Docker Hub		82.228.195.193
true	fs0c131y	Facebook		82.228.195.193
true	fs0c131y	VK		82.228.195.193
true	fs0c131y	Codechef		82.228.195.193
true	fs0c131y	Instagram		82.228.195.193
true	fs0c131y	Medium		82.228.195.193
true	fs0c131y	PayPal		82.228.195.193
true	fs0c131y	Blogger		82.228.195.193
true	fs0c131y	Disqus		82.228.195.193
true	fs0c131y	LeetCode		82.228.195.193
true	fs0c131y	Twitter		82.228.195.193
true	fs0c131y	IFTTT		82.228.195.193
true	fs0c131y	SoundCloud		82.228.195.193
true	fs0c131y	SteamGroup		82.228.195.193
true	fs0c131y	Reddit		82.228.195.193
true	fs0c131y	AskFM		82.228.195.193
true	fs0c131y	Twitch		82.228.195.193
true	fs0c131y	GitHub		82.228.195.193
